{"cameraMode":{"drawMode":0,"name":"Shaded","section":"Shading Mode"},"sceneLighting":true,"audioPlay":false,"sceneViewState":{"showFog":true,"showMaterialUpdate":false,"showSkybox":true,"showFlares":true,"showImageEffects":true,"showParticleSystems":true},"in2DMode":false,"pivot":{"x":78.64226531982422,"y":22.46666717529297,"z":36.10603713989258},"rotation":{"x":-0.18260182440280915,"y":0.3901820182800293,"z":-0.07925620675086975,"w":-0.8989622592926025},"size":6.437245845794678,"orthographic":true}