{"cameraMode":{"drawMode":0,"name":"Shaded","section":"Shading Mode"},"sceneLighting":true,"audioPlay":false,"sceneViewState":{"showFog":true,"showMaterialUpdate":false,"showSkybox":true,"showFlares":true,"showImageEffects":true,"showParticleSystems":true},"in2DMode":false,"pivot":{"x":75.54810333251953,"y":23.862258911132814,"z":29.968645095825197},"rotation":{"x":-0.177153542637825,"y":-0.3390388786792755,"z":0.06516802310943604,"w":-0.9216411709785461},"size":1.7217742204666138,"orthographic":true}